rouge1,rouge2,rougeL,rougeLsum,loop,refer,mode
1.0,1.0,1.0,1.0,0,0,answer
0.3395121374060855,0.15444524323028996,0.22637100431858964,0.3205813334385045,1,0,answer
0.3395121374060855,0.15444524323028996,0.22637100431858964,0.3205813334385045,1,n-1,answer
1.0,1.0,1.0,1.0,0,0,question
0.2917771883289124,0.04166666666666667,0.21883289124668434,0.21883289124668434,1,0,question
0.2917771883289124,0.04166666666666667,0.21883289124668434,0.21883289124668434,1,n-1,question
