rouge1,rouge2,rougeL,rougeLsum,dot,cosine,euclidean,manhattan,loop,refer,mode,model_name,task,language
0.1325263055201198,0.025019642580775502,0.09214627994694344,0.1047739322288739,tensor(0.5161),tensor(0.5161),tensor(0.5161),tensor(0.5161),1,n-1,q,chatglm,financial,en
0.1325263055201198,0.025019642580775502,0.09214627994694344,0.1047739322288739,tensor(0.5161),tensor(0.5161),tensor(0.5161),tensor(0.5161),1,0,q,chatglm,financial,en
0.4235004230629298,0.11262184338886885,0.1736434480632944,0.3868742429827606,tensor(0.6704),tensor(0.6704),tensor(0.6704),tensor(0.6704),1,n-1,a,chatglm,financial,en
0.4235004230629298,0.11262184338886885,0.1736434480632944,0.3868742429827606,tensor(0.6704),tensor(0.6704),tensor(0.6704),tensor(0.6704),1,0,a,chatglm,financial,en
