rouge1,rouge2,rougeL,rougeLsum,loop,refer,mode
1.0,1.0,1.0,1.0,0,0,answer
0.24130482697817937,0.07204610951008644,0.15322900595106898,0.1904782896186908,1,0,answer
0.24130482697817937,0.07204610951008644,0.15322900595106898,0.1904782896186908,1,n-1,answer
1.0,1.0,1.0,1.0,0,0,question
0.24835164835164836,0.060606060606060615,0.21978021978021978,0.21978021978021978,1,0,question
0.24835164835164836,0.060606060606060615,0.21978021978021978,0.21978021978021978,1,n-1,question
