rouge1,rouge2,rougeL,rougeLsum,loop,refer,mode
1.0,1.0,1.0,1.0,0,0,answer
0.4994637863637029,0.4987833500630346,0.4994637863637029,0.4994637863637029,1,0,answer
0.4994637863637029,0.4987833500630346,0.4994637863637029,0.4994637863637029,1,n-1,answer
1.0,1.0,1.0,1.0,0,0,question
0.01779575580753296,0.015157050248916584,0.01779575580753296,0.01779575580753296,1,0,question
0.4994637863637029,0.4987833500630346,0.4994637863637029,0.4994637863637029,1,n-1,question
